부촌육회,4.6,서울특별시 종로구 종로 200-12,"https://mp-seoul-image-production-s3.mangoplate.com/40114/1289221_1672187886842_48390?fit=around|738:738&crop=738:738;*,*&output-format=jpg&output-quality=80"
진미평양냉면,4.6,서울특별시 강남구 학동로 305-3,"https://mp-seoul-image-production-s3.mangoplate.com/584169_1557487284473603.jpg?fit=around|738:738&crop=738:738;*,*&output-format=jpg&output-quality=80"
우육면관,4.6,서울특별시 종로구 청계천로 75-2,"https://mp-seoul-image-production-s3.mangoplate.com/2206801_1672248157208573.jpg?fit=around|738:738&crop=738:738;*,*&output-format=jpg&output-quality=80"
꿉당,4.6,서울특별시 서초구 강남대로 615 1F,"https://mp-seoul-image-production-s3.mangoplate.com/46651_1649686258503339.jpg?fit=around|738:738&crop=738:738;*,*&output-format=jpg&output-quality=80"
원디그리노스,4.6,서울특별시 강남구 학동로43길 8,"https://mp-seoul-image-production-s3.mangoplate.com/1250968_1671953298067983.jpg?fit=around|738:738&crop=738:738;*,*&output-format=jpg&output-quality=80"
오레노라멘,4.5,서울특별시 마포구 독막로6길 14,"https://mp-seoul-image-production-s3.mangoplate.com/283659/60039_1507728825279_60039_1507728781278_28269?fit=around|738:738&crop=738:738;*,*&output-format=jpg&output-quality=80"
소이연남마오,4.5,서울특별시 강남구 도산대로53길 30 1-2F,"https://mp-seoul-image-production-s3.mangoplate.com/1926039_1656389906022936.jpg?fit=around|738:738&crop=738:738;*,*&output-format=jpg&output-quality=80"
야키토리묵,4.5,서울특별시 마포구 성미산로 165-1 1F,"https://mp-seoul-image-production-s3.mangoplate.com/584169_1586107695714552.jpg?fit=around|738:738&crop=738:738;*,*&output-format=jpg&output-quality=80"
팩피,4.4,서울특별시 성동구 왕십리로 136 102호,"https://mp-seoul-image-production-s3.mangoplate.com/2013175_1657978880879540.jpg?fit=around|738:738&crop=738:738;*,*&output-format=jpg&output-quality=80"
 우래옥,4.4,서울특별시 중구 창경궁로 62-29,"https://mp-seoul-image-production-s3.mangoplate.com/1433827_1671163492162067.jpg?fit=around|738:738&crop=738:738;*,*&output-format=jpg&output-quality=80"
 교다이야,4.4,서울특별시 마포구 성지길 39,"https://mp-seoul-image-production-s3.mangoplate.com/14798/1811421_1658499817256_8878?fit=around|738:738&crop=738:738;*,*&output-format=jpg&output-quality=80"
 옥동식,4.3,서울특별시 마포구 양화로7길 44-10,"https://mp-seoul-image-production-s3.mangoplate.com/1612468_1655910220955127.jpg?fit=around|738:738&crop=738:738;*,*&output-format=jpg&output-quality=80"
 금돼지식당,4.3,서울특별시 중구 다산로 149,"https://mp-seoul-image-production-s3.mangoplate.com/584169_1660634469395427.jpg?fit=around|738:738&crop=738:738;*,*&output-format=jpg&output-quality=80"
 임병주산동칼국수,4.3,서울특별시 서초구 강남대로37길 63,"https://mp-seoul-image-production-s3.mangoplate.com/705256_1667228814681286.jpg?fit=around|738:738&crop=738:738;*,*&output-format=jpg&output-quality=80"
 봉산옥,4.3,서울특별시 서초구 반포대로8길 5-6,"https://mp-seoul-image-production-s3.mangoplate.com/1187/652152_1668556069235_1000000520?fit=around|738:738&crop=738:738;*,*&output-format=jpg&output-quality=80"
 황생가칼국수,4.3,서울특별시 종로구 북촌로5길 78,"https://mp-seoul-image-production-s3.mangoplate.com/1712/449685_1673153532763_65636?fit=around|738:738&crop=738:738;*,*&output-format=jpg&output-quality=80"
 정인면옥,4.3,서울특별시 영등포구 국회대로76길 10,"https://mp-seoul-image-production-s3.mangoplate.com/584169_1600190909011361.jpg?fit=around|738:738&crop=738:738;*,*&output-format=jpg&output-quality=80"
 봉피양,4.3,서울특별시 송파구 양재대로71길 1-4,"https://mp-seoul-image-production-s3.mangoplate.com/2091186_1661062064616945.jpg?fit=around|738:738&crop=738:738;*,*&output-format=jpg&output-quality=80"
 멘텐,4.3,서울특별시 중구 삼일대로 305,"https://mp-seoul-image-production-s3.mangoplate.com/380547/1100616_1661332416191_33558?fit=around|738:738&crop=738:738;*,*&output-format=jpg&output-quality=80"
 광화문국밥,4.3,서울특별시 중구 세종대로21길 53,"https://mp-seoul-image-production-s3.mangoplate.com/112555_1668227362431987.jpg?fit=around|738:738&crop=738:738;*,*&output-format=jpg&output-quality=80"
 필동면옥,4.3,서울특별시 중구 서애로 26,"https://mp-seoul-image-production-s3.mangoplate.com/47875_1664119689311590.jpg?fit=around|738:738&crop=738:738;*,*&output-format=jpg&output-quality=80"
 진진,4.3,서울특별시 마포구 잔다리로 123,"https://mp-seoul-image-production-s3.mangoplate.com/1982616_1625662243848572.jpg?fit=around|738:738&crop=738:738;*,*&output-format=jpg&output-quality=80"
 에그앤플라워,4.3,서울특별시 용산구 신흥로26길 35,"https://mp-seoul-image-production-s3.mangoplate.com/584169_1587840811059803.jpg?fit=around|738:738&crop=738:738;*,*&output-format=jpg&output-quality=80"
 필레터,4.3,서울특별시 강남구 선릉로148길 40-4,"https://mp-seoul-image-production-s3.mangoplate.com/874991_1669477350205492.jpg?fit=around|738:738&crop=738:738;*,*&output-format=jpg&output-quality=80"
 미미면가,4.2,서울특별시 강남구 강남대로160길 29,"https://mp-seoul-image-production-s3.mangoplate.com/13153/89304_1672727548372_52047?fit=around|738:738&crop=738:738;*,*&output-format=jpg&output-quality=80"
 하동관,4.2,서울특별시 중구 명동9길 12,"https://mp-seoul-image-production-s3.mangoplate.com/1655744_1649155449485104.jpg?fit=around|738:738&crop=738:738;*,*&output-format=jpg&output-quality=80"
 삼청동수제비,4.2,서울특별시 종로구 삼청로 101-1,"https://mp-seoul-image-production-s3.mangoplate.com/569727_1672168718127902.jpg?fit=around|738:738&crop=738:738;*,*&output-format=jpg&output-quality=80"
 한국술집안씨막걸리,4.2,서울특별시 용산구 회나무로 3,"https://mp-seoul-image-production-s3.mangoplate.com/2203413_1648171650739892.jpg?fit=around|738:738&crop=738:738;*,*&output-format=jpg&output-quality=80"
 정민,4.1,서울특별시 용산구 이태원로54길 58-18,"https://mp-seoul-image-production-s3.mangoplate.com/879146_1632920550665902.jpg?fit=around|738:738&crop=738:738;*,*&output-format=jpg&output-quality=80"
 툭툭누들타이,4.1,서울특별시 마포구 성미산로 161-8,"https://mp-seoul-image-production-s3.mangoplate.com/1805557_1644799975867764.jpg?fit=around|738:738&crop=738:738;*,*&output-format=jpg&output-quality=80"
 구복만두,4.1,서울특별시 용산구 두텁바위로 7,"https://mp-seoul-image-production-s3.mangoplate.com/112555_1672656786103600.jpg?fit=around|738:738&crop=738:738;*,*&output-format=jpg&output-quality=80"
 자하손만두,4.1,서울특별시 종로구 백석동길 12,"https://mp-seoul-image-production-s3.mangoplate.com/2903/1359076_1664196208954_10881?fit=around|738:738&crop=738:738;*,*&output-format=jpg&output-quality=80"
 만족오향족발,4.1,서울특별시 중구 서소문로 134-7,"https://mp-seoul-image-production-s3.mangoplate.com/696/1486269_1667387031429_25809?fit=around|738:738&crop=738:738;*,*&output-format=jpg&output-quality=80"
 대성집,4.1,서울특별시 종로구 사직로 5,"https://mp-seoul-image-production-s3.mangoplate.com/1343/1611877_1583900012407_5102?fit=around|738:738&crop=738:738;*,*&output-format=jpg&output-quality=80"
 뉴만두집,4.1,서울특별시 강남구 압구정로 338,"https://mp-seoul-image-production-s3.mangoplate.com/2925_1666878099079117.jpg?fit=around|738:738&crop=738:738;*,*&output-format=jpg&output-quality=80"
 합정옥,4.1,서울특별시 마포구 양화로1길 21,"https://mp-seoul-image-production-s3.mangoplate.com/sources/web/restaurants/325307/136135_1663170511968?fit=around|738:738&crop=738:738;*,*&output-format=jpg&output-quality=80"
 명동교자,4.0,서울특별시 중구 명동10길 29,"https://mp-seoul-image-production-s3.mangoplate.com/584169_1599335277391609.jpg?fit=around|738:738&crop=738:738;*,*&output-format=jpg&output-quality=80"
 정육면체,4.0,서울특별시 서대문구 연세로5다길 22-8,"https://mp-seoul-image-production-s3.mangoplate.com/363668/1289221_1657359330266_34394?fit=around|738:738&crop=738:738;*,*&output-format=jpg&output-quality=80"
 교양식사,4.0,서울특별시 용산구 이태원로 238,"https://mp-seoul-image-production-s3.mangoplate.com/61216_1604130699499922.jpg?fit=around|738:738&crop=738:738;*,*&output-format=jpg&output-quality=80"
 팀호완,4.0,서울특별시 강남구 봉은사로86길 30,"https://mp-seoul-image-production-s3.mangoplate.com/1991439_1669675277937059.jpg?fit=around|738:738&crop=738:738;*,*&output-format=jpg&output-quality=80"
