북한강막국수닭갈비,4.7,경기도 남양주시 조안면 북한강로 908,"https://mp-seoul-image-production-s3.mangoplate.com/2203413_1665751422976174.jpg?fit=around|738:738&crop=738:738;*,*&output-format=jpg&output-quality=80"
포폴로피자,4.6,"경기도 고양시 일산동구 정발산로 43-20 센트럴플라자 1F 102호,103호","https://mp-seoul-image-production-s3.mangoplate.com/2328519_1673087818251950.jpg?fit=around|738:738&crop=738:738;*,*&output-format=jpg&output-quality=80"
이나경송탄부대찌개,4.6,경기도 수원시 팔달구 효원로307번길 47 문화빌딩,"https://mp-seoul-image-production-s3.mangoplate.com/330223/90579_1665469504995_8009?fit=around|738:738&crop=738:738;*,*&output-format=jpg&output-quality=80"
용산소세지전문점,4.6,경기도 고양시 덕양구 삼송로185번길 5 1F,"https://mp-seoul-image-production-s3.mangoplate.com/1760/657713_1647437755660_81252?fit=around|738:738&crop=738:738;*,*&output-format=jpg&output-quality=80"
윤밀원,4.6,경기 성남시 분당구 백현로 154,"https://mp-seoul-image-production-s3.mangoplate.com/2424742_1672919786622802.jpg?fit=around|738:738&crop=738:738;*,*&output-format=jpg&output-quality=80"
좋은소식,4.6,경기도 수원시 영통구 매영로269번길 43 3F 302호,"https://mp-seoul-image-production-s3.mangoplate.com/336832/2169057_1643275453583_48981?fit=around|738:738&crop=738:738;*,*&output-format=jpg&output-quality=80"
블루메쯔,4.6,경기도 성남시 분당구 발이봉남로25번길 2,"https://mp-seoul-image-production-s3.mangoplate.com/1601255_1663596070532768.jpg?fit=around|738:738&crop=738:738;*,*&output-format=jpg&output-quality=80"
고기리막국수,4.5,경기도 용인시 수지구 이종무로 157,"https://mp-seoul-image-production-s3.mangoplate.com/1104193_1670660772696017.jpg?fit=around|738:738&crop=738:738;*,*&output-format=jpg&output-quality=80"
지아니스나폴리,4.5,경기도 수원시 영통구 센트럴타운로 85 아브뉴프랑 104-1호,"https://mp-seoul-image-production-s3.mangoplate.com/2204920_1654672689427696.jpg?fit=around|738:738&crop=738:738;*,*&output-format=jpg&output-quality=80"
 설악막국수춘천닭갈비,4.5,경기도 가평군 설악면 유명로 1675,"https://mp-seoul-image-production-s3.mangoplate.com/34573_1661133805764546.jpg?fit=around|738:738&crop=738:738;*,*&output-format=jpg&output-quality=80"
 그렇게함박이된다,4.5,경기도 수원시 영통구 센트럴타운로 85,"https://mp-seoul-image-production-s3.mangoplate.com/528686_1662455769288947.jpg?fit=around|738:738&crop=738:738;*,*&output-format=jpg&output-quality=80"
 임가주방플러스,4.5,경기도 고양시 일산동구 강송로73번길 53-17,"https://mp-seoul-image-production-s3.mangoplate.com/2272026_1659106506209409.jpg?fit=around|738:738&crop=738:738;*,*&output-format=jpg&output-quality=80"
 광릉한옥집,4.4,경기도 남양주시 진접읍 광릉내로 36,"https://mp-seoul-image-production-s3.mangoplate.com/567429_1590655216735646.jpg?fit=around|738:738&crop=738:738;*,*&output-format=jpg&output-quality=80"
 봉순게장,4.4,경기도 부천시 역곡로284번길 18,"https://mp-seoul-image-production-s3.mangoplate.com/1248433_1647176911337474.jpg?fit=around|738:738&crop=738:738;*,*&output-format=jpg&output-quality=80"
 심학산도토리국수,4.4,경기도 파주시 교하로681번길 12,"https://mp-seoul-image-production-s3.mangoplate.com/192919/1196871_1667007930089_1000000232?fit=around|738:738&crop=738:738;*,*&output-format=jpg&output-quality=80"
 가보정1관,4.4,경기도 수원시 팔달구 장다리로 282,"https://mp-seoul-image-production-s3.mangoplate.com/105492/172778_1647048661269_133960?fit=around|738:738&crop=738:738;*,*&output-format=jpg&output-quality=80"
 우판등심,4.4,경기도 수원시 영통구 권선로908번길 10,"https://mp-seoul-image-production-s3.mangoplate.com/233028/1089220_1641007867768_23196?fit=around|738:738&crop=738:738;*,*&output-format=jpg&output-quality=80"
 초원샤브샤브뷔페,4.4,경기도 고양시 일산동구 백석로71번길 11,"https://mp-seoul-image-production-s3.mangoplate.com/sources/web/restaurants/365877/790147_1659262161877?fit=around|738:738&crop=738:738;*,*&output-format=jpg&output-quality=80"
 마샬앤릴리,4.4,경기도 고양시 일산동구 율천로8번길 8-7,"https://mp-seoul-image-production-s3.mangoplate.com/673960_1658361380937735.jpg?fit=around|738:738&crop=738:738;*,*&output-format=jpg&output-quality=80"
