미영이네식당,4.7,제주특별자치도 서귀포시 대정읍 하모항구로 42,"https://mp-seoul-image-production-s3.mangoplate.com/2009866_1637358485218574.jpg?fit=around|738:738&crop=738:738;*,*&output-format=jpg&output-quality=80"
남양수산,4.6,제주특별자치도 서귀포시 성산읍 고성동서로56번길 11,"https://mp-seoul-image-production-s3.mangoplate.com/37208_1635257026824910.jpg?fit=around|738:738&crop=738:738;*,*&output-format=jpg&output-quality=80"
상춘재,4.5,제주특별자치도 제주시 중앙로 598,"https://mp-seoul-image-production-s3.mangoplate.com/333417_1629985618448416.jpg?fit=around|738:738&crop=738:738;*,*&output-format=jpg&output-quality=80"
중문수두리보말칼국수,4.5,제주특별자치도 서귀포시 천제연로 192,"https://mp-seoul-image-production-s3.mangoplate.com/184195/1227868_1598867152136_15903?fit=around|738:738&crop=738:738;*,*&output-format=jpg&output-quality=80"
숙성도,4.5,제주특별자치도 제주시 원노형로 41,"https://mp-seoul-image-production-s3.mangoplate.com/396159/1089220_1629381162105_39159?fit=around|738:738&crop=738:738;*,*&output-format=jpg&output-quality=80"
곰막,4.4,제주특별자치도 제주시 구좌읍 구좌해안로 64,"https://mp-seoul-image-production-s3.mangoplate.com/184871/116586_1620603436516_61834?fit=around|738:738&crop=738:738;*,*&output-format=jpg&output-quality=80"
스시호시카이,4.4,제주특별자치도 제주시 오남로 90,"https://mp-seoul-image-production-s3.mangoplate.com/183601/2079053_1633961991547_7089?fit=around|738:738&crop=738:738;*,*&output-format=jpg&output-quality=80"
오드랑베이커리,4.4,제주특별자치도 제주시 조천읍 조함해안로 552-3,"https://mp-seoul-image-production-s3.mangoplate.com/283889/810972_1611104868306_32247?fit=around|738:738&crop=738:738;*,*&output-format=jpg&output-quality=80"
산노루,4.4,제주특별자치도 제주시 한경면 낙원로 32,"https://mp-seoul-image-production-s3.mangoplate.com/23173_1619545212212337.jpg?fit=around|738:738&crop=738:738;*,*&output-format=jpg&output-quality=80"
 제주맥주,4.4,제주특별자치도 제주시 한림읍 금능농공길 62-11,"https://mp-seoul-image-production-s3.mangoplate.com/67078_1529374109574615.jpg?fit=around|738:738&crop=738:738;*,*&output-format=jpg&output-quality=80"
 표선어촌식당,4.4,제주특별자치도 서귀포시 표선면 민속해안로 578-7,"https://mp-seoul-image-production-s3.mangoplate.com/163008_1547556880676733.jpg?fit=around|738:738&crop=738:738;*,*&output-format=jpg&output-quality=80"
 우진해장국,4.3,제주특별자치도 제주시 서사로 11,"https://mp-seoul-image-production-s3.mangoplate.com/856498_1631872769633541.jpg?fit=around|738:738&crop=738:738;*,*&output-format=jpg&output-quality=80"
 선흘곶,4.3,제주특별자치도 제주시 조천읍 동백로 102,"https://mp-seoul-image-production-s3.mangoplate.com/113339_1628425684649179.jpg?fit=around|738:738&crop=738:738;*,*&output-format=jpg&output-quality=80"
 카페태희,4.3,제주특별자치도 제주시 애월읍 곽지3길 27,"https://mp-seoul-image-production-s3.mangoplate.com/150739/520946_1630347762066_35152?fit=around|738:738&crop=738:738;*,*&output-format=jpg&output-quality=80"
 명진전복,4.3,제주특별자치도 제주시 구좌읍 해맞이해안로 1282,"https://mp-seoul-image-production-s3.mangoplate.com/182948/786323_1624864769396_3342?fit=around|738:738&crop=738:738;*,*&output-format=jpg&output-quality=80"
 맛나식당,4.3,제주특별자치도 서귀포시 성산읍 동류암로 41,"https://mp-seoul-image-production-s3.mangoplate.com/1403730_1630062555674414.jpg?fit=around|738:738&crop=738:738;*,*&output-format=jpg&output-quality=80"
 일통이반,4.3,제주특별자치도 제주시 중앙로2길 25,"https://mp-seoul-image-production-s3.mangoplate.com/258192/1089220_1629269378605_38923?fit=around|738:738&crop=738:738;*,*&output-format=jpg&output-quality=80"
 연리지가든,4.3,제주특별자치도 제주시 한경면 두조로 190-20,"https://mp-seoul-image-production-s3.mangoplate.com/1633639_1633968216647675.jpg?fit=around|738:738&crop=738:738;*,*&output-format=jpg&output-quality=80"
 넉둥베기,4.3,제주특별자치도 제주시 서문로 9-1,"https://mp-seoul-image-production-s3.mangoplate.com/1433827_1625662236019396.jpg?fit=around|738:738&crop=738:738;*,*&output-format=jpg&output-quality=80"
