스시요로코부,4.6,인천광역시 연수구 센트럴로 194 더샵 센트럴파크2차 A동 123호,"https://mp-seoul-image-production-s3.mangoplate.com/364594/54384_1636548143744_19346?fit=around|738:738&crop=738:738;*,*&output-format=jpg&output-quality=80"
스시사쿠,4.6,인천광역시 남동구 선수촌공원로23번길 10-21,"https://mp-seoul-image-production-s3.mangoplate.com/378187/532309_1672484743633_178433?fit=around|738:738&crop=738:738;*,*&output-format=jpg&output-quality=80"
서령,4.6,인천광역시 강화군 길상면 보리고개로 96,"https://mp-seoul-image-production-s3.mangoplate.com/411653/54384_1669811368272_1000000088?fit=around|738:738&crop=738:738;*,*&output-format=jpg&output-quality=80"
엘벧엘,4.5,인천광역시 연수구 아트센터대로 203 135호,"https://mp-seoul-image-production-s3.mangoplate.com/1278516_1648819013310195.jpg?fit=around|738:738&crop=738:738;*,*&output-format=jpg&output-quality=80"
천유향마라향솥,4.4,인천광역시 부평구 경인로 952,"https://mp-seoul-image-production-s3.mangoplate.com/1150513_1630844760948846.jpg?fit=around|738:738&crop=738:738;*,*&output-format=jpg&output-quality=80"
조우마,4.4,인천광역시 연수구 센트럴로 194 C동 108호,"https://mp-seoul-image-production-s3.mangoplate.com/1443410_1594711618927123.jpg?fit=around|738:738&crop=738:738;*,*&output-format=jpg&output-quality=80"
나이스타임,4.4,인천광역시 연수구 아트센터대로 203 송도센트럴파크 푸르지오시티B동 141호,"https://mp-seoul-image-production-s3.mangoplate.com/2206508_1649218956997973.jpg?fit=around|738:738&crop=738:738;*,*&output-format=jpg&output-quality=80"
Villa,4.4,인천광역시 부평구 부평대로38번길 31,"https://mp-seoul-image-production-s3.mangoplate.com/359495/594101_1637506688912_11912?fit=around|738:738&crop=738:738;*,*&output-format=jpg&output-quality=80"
전가복,4.4,인천광역시 중구 신포로35번길 12,"https://mp-seoul-image-production-s3.mangoplate.com/566970_1654812615598995.jpg?fit=around|738:738&crop=738:738;*,*&output-format=jpg&output-quality=80"
 마타렐로,4.4,인천광역시 연수구 아트센터대로 203,"https://mp-seoul-image-production-s3.mangoplate.com/483863/259765_1672548758524_1000007163?fit=around|738:738&crop=738:738;*,*&output-format=jpg&output-quality=80"
 충남서산집,4.3,인천광역시 강화군 내가면 중앙로 1200,"https://mp-seoul-image-production-s3.mangoplate.com/2022917_1627738932726809.jpg?fit=around|738:738&crop=738:738;*,*&output-format=jpg&output-quality=80"
 짱구네,4.3,인천광역시 중구 공항로424번길 72,"https://mp-seoul-image-production-s3.mangoplate.com/1162091_1627567889513568.jpg?fit=around|738:738&crop=738:738;*,*&output-format=jpg&output-quality=80"
 공단떡볶이,4.3,인천광역시 남동구 남동서로 226,"https://mp-seoul-image-production-s3.mangoplate.com/573810_1666996662515084.jpg?fit=around|738:738&crop=738:738;*,*&output-format=jpg&output-quality=80"
 대판1985,4.3,인천광역시 연수구 컨벤시아대로 116,"https://mp-seoul-image-production-s3.mangoplate.com/418489/1578671_1664505711094_197260?fit=around|738:738&crop=738:738;*,*&output-format=jpg&output-quality=80"
 이북할매,4.3,인천광역시 연수구 청룡로50번길 10,"https://mp-seoul-image-production-s3.mangoplate.com/722502_1578191483106344.jpg?fit=around|738:738&crop=738:738;*,*&output-format=jpg&output-quality=80"
 빌라인아파트,4.3,인천광역시 남동구 문화서로46번길 37,"https://mp-seoul-image-production-s3.mangoplate.com/32525_1652417819759287.jpg?fit=around|738:738&crop=738:738;*,*&output-format=jpg&output-quality=80"
 이아,4.3,인천광역시 연수구 컨벤시아대로 70,"https://mp-seoul-image-production-s3.mangoplate.com/339619/1578671_1652407312308_208968?fit=around|738:738&crop=738:738;*,*&output-format=jpg&output-quality=80"
 다니스테이크하우스,4.3,인천광역시 연수구 하모니로 158,"https://mp-seoul-image-production-s3.mangoplate.com/1214190_1661095990738462.jpg?fit=around|738:738&crop=738:738;*,*&output-format=jpg&output-quality=80"
 고집132,4.3,인천광역시 연수구 송도과학로16번길 13-18,"https://mp-seoul-image-production-s3.mangoplate.com/1729754_1667975385842019.jpg?fit=around|738:738&crop=738:738;*,*&output-format=jpg&output-quality=80"
