비비비당,4.7,부산광역시 해운대구 달맞이길 239-16,"https://mp-seoul-image-production-s3.mangoplate.com/112555_1638450587274732.jpg?fit=around|738:738&crop=738:738;*,*&output-format=jpg&output-quality=80"
할매국밥,4.6,부산광역시 동구 중앙대로533번길 4,"https://mp-seoul-image-production-s3.mangoplate.com/16994/689765_1636209853058_40217?fit=around|738:738&crop=738:738;*,*&output-format=jpg&output-quality=80"
톤쇼우,4.6,부산광역시 수영구 광안해변로279번길 13,"https://mp-seoul-image-production-s3.mangoplate.com/872233_1639207490015624.jpg?fit=around|738:738&crop=738:738;*,*&output-format=jpg&output-quality=80"
해목,4.5,부산광역시 해운대구 구남로24번길 8,"https://mp-seoul-image-production-s3.mangoplate.com/872186_1624952066557077.jpg?fit=around|738:738&crop=738:738;*,*&output-format=jpg&output-quality=80"
이재모피자,4.5,부산광역시 중구 광복중앙로 31 2F,"https://mp-seoul-image-production-s3.mangoplate.com/17745/181795_1638975300746_2880?fit=around|738:738&crop=738:738;*,*&output-format=jpg&output-quality=80"
신발원,4.4,부산광역시 동구 대영로243번길 62,"https://mp-seoul-image-production-s3.mangoplate.com/2034518_1629021516197409.jpg?fit=around|738:738&crop=738:738;*,*&output-format=jpg&output-quality=80"
해운대소문난암소갈비집,4.4,부산광역시 해운대구 중동2로10번길 32-10,"https://mp-seoul-image-production-s3.mangoplate.com/17780/181795_1638944630641_2813?fit=around|738:738&crop=738:738;*,*&output-format=jpg&output-quality=80"
고옥,4.4,부산광역시 수영구 광남로 6,"https://mp-seoul-image-production-s3.mangoplate.com/17056/126386_1608389652308_824?fit=around|738:738&crop=738:738;*,*&output-format=jpg&output-quality=80"
마가만두,4.4,부산광역시 동구 대영로243번길 56,"https://mp-seoul-image-production-s3.mangoplate.com/190502/1679022_1613882224936_33700?fit=around|738:738&crop=738:738;*,*&output-format=jpg&output-quality=80"
 동백섬횟집,4.4,부산광역시 해운대구 해운대해변로209번나길 17,"https://mp-seoul-image-production-s3.mangoplate.com/17162/116586_1629253780043_62752?fit=around|738:738&crop=738:738;*,*&output-format=jpg&output-quality=80"
 나가하마만게츠,4.4,부산광역시 해운대구 우동1로 57,"https://mp-seoul-image-production-s3.mangoplate.com/343366/1849470_1607610575163_382607?fit=around|738:738&crop=738:738;*,*&output-format=jpg&output-quality=80"
 초필살돼지구이,4.4,부산광역시 수영구 광남로108번길 9,"https://mp-seoul-image-production-s3.mangoplate.com/420032/83465_1631080676015_63101?fit=around|738:738&crop=738:738;*,*&output-format=jpg&output-quality=80"
 합천국밥집,4.4,부산광역시 남구 용호로 235,"https://mp-seoul-image-production-s3.mangoplate.com/27597_1545196386080235.jpg?fit=around|738:738&crop=738:738;*,*&output-format=jpg&output-quality=80"
 다이닝룸,4.4,부산광역시 해운대구 마린시티1로 51,"https://mp-seoul-image-production-s3.mangoplate.com/1161853_1626600227507982.jpg?fit=around|738:738&crop=738:738;*,*&output-format=jpg&output-quality=80"
 이가네떡볶이,4.3,부산광역시 중구 부평1길 48,"https://mp-seoul-image-production-s3.mangoplate.com/185963/2083922_1634356702938_13869?fit=around|738:738&crop=738:738;*,*&output-format=jpg&output-quality=80"
 블랙업커피,4.3,부산광역시 부산진구 서전로10번길 41,"https://mp-seoul-image-production-s3.mangoplate.com/32408_1607106051774590.jpg?fit=around|738:738&crop=738:738;*,*&output-format=jpg&output-quality=80"
 금수복국,4.3,부산광역시 해운대구 중동1로43번길 23,"https://mp-seoul-image-production-s3.mangoplate.com/17153/1704376_1637919660524_23052?fit=around|738:738&crop=738:738;*,*&output-format=jpg&output-quality=80"
 거대갈비,4.3,부산광역시 해운대구 달맞이길 22,"https://mp-seoul-image-production-s3.mangoplate.com/596640_1637043355686023.jpg?fit=around|738:738&crop=738:738;*,*&output-format=jpg&output-quality=80"
 명성횟집,4.3,부산광역시 동구 고관로 128-1,"https://mp-seoul-image-production-s3.mangoplate.com/32525_1598405350335082.jpg?fit=around|738:738&crop=738:738;*,*&output-format=jpg&output-quality=80"
